{
  "timestamp": "2025-12-06T18:20:42.672421Z",
  "counters": {
    "jobs_received_total": 1,
    "jobs_completed_total": 1
  },
  "histograms": {
    "avg_processing_time_seconds": {
      "count": 1,
      "sum": 20.37893360000089,
      "avg": 20.37893360000089,
      "min": 20.37893360000089,
      "max": 20.37893360000089,
      "p50": 20.37893360000089,
      "p95": 20.37893360000089,
      "p99": 20.37893360000089
    }
  }
}