{
  "timestamp": "2025-12-06T18:02:01.959234Z",
  "counters": {
    "jobs_received_total": 5,
    "jobs_completed_total": 4
  },
  "histograms": {
    "avg_processing_time_seconds": {
      "count": 4,
      "sum": 98.1956446999975,
      "avg": 24.548911174999375,
      "min": 20.430123999998614,
      "max": 29.013392299999396,
      "p50": 28.087137299997266,
      "p95": 29.013392299999396,
      "p99": 29.013392299999396
    }
  }
}