{
  "timestamp": "2025-12-06T16:43:27.078116Z",
  "counters": {
    "jobs_received_total": 3,
    "jobs_completed_total": 3
  },
  "histograms": {
    "avg_processing_time_seconds": {
      "count": 3,
      "sum": 1.849892700000055,
      "avg": 0.6166309000000183,
      "min": 0.1693740999999136,
      "max": 1.4959459000001516,
      "p50": 0.1845726999999897,
      "p95": 1.4959459000001516,
      "p99": 1.4959459000001516
    }
  }
}