{
  "timestamp": "2025-12-06T15:42:12.860499Z",
  "counters": {
    "jobs_received_total": 2,
    "jobs_completed_total": 2
  },
  "histograms": {
    "avg_processing_time_seconds": {
      "count": 2,
      "sum": 0.3067276999991009,
      "avg": 0.15336384999955044,
      "min": 0.13031299999965995,
      "max": 0.17641469999944093,
      "p50": 0.17641469999944093,
      "p95": 0.17641469999944093,
      "p99": 0.17641469999944093
    }
  }
}